#{"t_start": 1734886289.4363382, "env_id": "CartPole-v1"}
r,l,t
500.0,500,4.948929
500.0,500,6.708703
